<?xml  version= "1.0" encoding = "UTF-8"?>
<rutas xmlns:xsi="http://www.w3.org/2001/XMLSchema-instance"
	xsi:schemaLocation="http://tempuri.org/rutas rutas.xsd">
<!--RUTA 1-->
<ruta  titulo= "Ruta en quad por Asturias">
<tipo> Paisajística</tipo>
<dificultad>Alta</dificultad>

<tiempo>
    <fechaI>2020-11-11</fechaI>
    <horaI>10:00:00</horaI>
    <duracion>PT3H</duracion><!--para establecer el número de horas-->
</tiempo>

<agencia>Agencia Nature Gijón</agencia>
<descripcion>Ruta en quad de Gijón a Luarca</descripcion>
<personas>Mayores de edad con carnet de quad</personas>
<lugarInicio>Gijón</lugarInicio>
<direccionInicio>Playa de poniente</direccionInicio>

<coordenadas>
    <longitud>-5.677636</longitud>
    <latitud>43.540464</latitud>
    <altitud>500</altitud>
</coordenadas>

<referencias>
    <ref link = "https://es.wikipedia.org/wiki/Playa_de_Poniente_(Gij%C3%B3n)" ></ref>
    <ref link  = "https://es.wikipedia.org/wiki/Cudillero" ></ref>
    <ref link  = "https://es.wikipedia.org/wiki/Novellana"></ref>
</referencias>

<recomendacion>9</recomendacion>
<hitos>
    <!--HITO1 RUTA1-->
    <hito numeroHito = "1">
        <nombreHito>Playa de poniente</nombreHito>
        <descripcionHito>Una de las playas más bonitas de Asturias</descripcionHito>
        <coordenadasHito>
           <longitud>-5.677636</longitud>  
           <latitud>43.540464</latitud>
           <altitud>500</altitud>
        </coordenadasHito>
        <distancia tipomedida= "kilometros">0</distancia><!--distancia expresada en kilometros-->
        <!--podría ponerse el tiempo desde el hito anterior-->
        <fotos><foto link  = "https://www.turismoasturias.es/documents/11022/13957/Poniente+%284%29.jpg/bf3ae63e-c733-43d0-a9d0-0c02dfc92de3?t=1565699619189"></foto></fotos>
    </hito>
      <hito numeroHito = "2">
        <nombreHito>Cudillero</nombreHito>
        <descripcionHito>Uno de los pueblos más bonitos de todo Asturias.</descripcionHito>
        <coordenadasHito>
           <longitud>-6.151003</longitud>  
           <latitud>43.561114</latitud>
           <altitud>785</altitud>
        </coordenadasHito>
        <distancia tipomedida="kilometros">50.8</distancia><!--distancia expresada en kilometros-->
        <!--podría ponerse el tiempo desde el hito anterior-->
        <fotos> <foto link  = "https://img.chavetas.es/albums/mipais/cudillero01.jpg"></foto> </fotos>
    </hito>
    <hito numeroHito = "3">
        <nombreHito>Novellana </nombreHito>
        <descripcionHito>Parada en un pueblo con encanto.</descripcionHito>
        <coordenadasHito>
           <longitud>-6.284212</longitud>   
           <latitud>43.567084</latitud>
           <altitud>120</altitud>
        </coordenadasHito>
       <distancia tipomedida= "kilometros">13.9</distancia><!--distancia expresada en kilometros-->
        <!--podría ponerse el tiempo desde el hito anterior-->
        <fotos><foto link  = "https://www.viajandoando.es/fotos/asturias/cudillero/playalairin/webFS3B9326.jpg"></foto></fotos>
    </hito>
</hitos>
</ruta>

<!--RUTA 2-->
<ruta titulo= "Ruta en quad por Salinas">
<tipo> Paisajística</tipo>
<dificultad>Fácil</dificultad>

<tiempo>
    <fechaI>2020-11-11</fechaI>
    <horaI>15:00:00</horaI>
    <duracion>PT2H</duracion><!--para establecer el número de horas-->
</tiempo>

<agencia>Agencia Viajando</agencia>
<descripcion>Ruta en quad desde Salinas a Mieres</descripcion>
<personas>Mayores de edad con carnet de quad</personas>
<lugarInicio>Playa de Salinas</lugarInicio>
<direccionInicio>Playa de Salinas</direccionInicio>

<coordenadas>
    <longitud>-5.958863</longitud> 
    <latitud>43.580843</latitud>
    <altitud>8</altitud>
</coordenadas>

<referencias>
    <ref link  = "https://es.wikipedia.org/wiki/Playa_de_Salinas" ></ref>
    <ref link  = "https://es.wikipedia.org/wiki/Centro_penitenciario_de_Asturias" ></ref>
    <ref link  = "https://es.wikipedia.org/wiki/Mieres"></ref>
</referencias>

<recomendacion>10</recomendacion>
<hitos>
    <!--HITO1 RUTA2-->
    <hito numeroHito = "1">
        <nombreHito>Playa de Salinas</nombreHito>
        <descripcionHito>Una de las playas más bonitas de Asturias</descripcionHito>
        <coordenadasHito>
            <longitud>-5.958863</longitud> 
            <latitud>43.580843</latitud>
            <altitud>8</altitud>
        </coordenadasHito>
        <distancia tipomedida= "kilometros">0</distancia><!--distancia expresada en kilometros-->
        <!--podría ponerse el tiempo desde el hito anterior-->
      <fotos><foto link  = "https://upload.wikimedia.org/wikipedia/commons/thumb/8/86/Playa_de_Salinas_desde_Pinos_Altos.jpg/410px-Playa_de_Salinas_desde_Pinos_Altos.jpg"></foto></fotos>
    </hito>
    <!--HITO2 RUTA2-->
      <hito numeroHito = "2">
        <nombreHito>Centro penitenciario de Asturias</nombreHito>
        <descripcionHito>Carcel de Asturias</descripcionHito>
        <coordenadasHito>
           <longitud>-5.814209</longitud>  
           <latitud>43.480219</latitud>
           <altitud>197</altitud>
        </coordenadasHito>
        <distancia tipomedida= "kilometros">30</distancia><!--distancia expresada en kilometros-->
        <!--podría ponerse el tiempo desde el hito anterior-->
        <fotos><foto link  = "https://upload.wikimedia.org/wikipedia/commons/thumb/5/57/C%C3%A1rcel_de_Villabona_-_2.jpg/450px-C%C3%A1rcel_de_Villabona_-_2.jpg"></foto></fotos>
    </hito>
    <!--HITO3 RUTA2-->
    <hito numeroHito = "3">
        <nombreHito>Mieres </nombreHito>
        <descripcionHito>Mieres es un concejo de la comunidad autónoma de Asturias, y capital del partido judicial homónimo.</descripcionHito>
        <coordenadasHito>
           <longitud>-5.779079</longitud> 
           <latitud>43.248062</latitud>
           <altitud>386</altitud>
        </coordenadasHito>
        <distancia tipomedida= "kilometros">13.9</distancia><!--distancia expresada en kilometros-->
        <!--podría ponerse el tiempo desde el hito anterior-->
        <fotos><foto link  = "https://upload.wikimedia.org/wikipedia/commons/thumb/1/1d/Casa%27l_conceyu_mieres.jpg/375px-Casa%27l_conceyu_mieres.jpg"></foto></fotos>
    </hito>
</hitos>


</ruta>

<!--RUTA 3-->
<ruta titulo= "Ruta en quad por Zamora">
<tipo> Paisajística</tipo>
<dificultad>Media</dificultad>

<tiempo>
    <fechaI>2020-11-11</fechaI>
    <horaI>14:00:00</horaI>
    <duracion>PT6H</duracion><!--para establecer el número de horas-->
</tiempo>

<agencia>Agencia quadsForever</agencia>
<descripcion>Ruta en quad desde Zamora a Parque nacional de los picos de Europa</descripcion>
<personas>Mayores de edad con carnet de quad</personas>
<lugarInicio>Zamora</lugarInicio>
<direccionInicio>Zamora</direccionInicio>

<coordenadas>
    <longitud>-5.742771</longitud> 
    <latitud>41.492443</latitud>
    <altitud>652</altitud>
</coordenadas>

<referencias>
    <ref link  = "https://es.wikipedia.org/wiki/Zamora" ></ref>
    <ref link  = "https://es.wikipedia.org/wiki/Palencia" ></ref>
    <ref link  = "https://es.wikipedia.org/wiki/Parque_nacional_de_Picos_de_Europa"></ref>
</referencias>

<recomendacion>7</recomendacion>
<hitos>
    <!--HITO1 RUTA3-->
    <hito numeroHito = "1">
        <nombreHito>Zamora</nombreHito>
        <descripcionHito>Zamora es la capital de la provincia homónima, dentro de la comunidad de Castilla y León, al noroeste de España. </descripcionHito>
        <coordenadasHito>
            <longitud>-5.742771</longitud> 
            <latitud>41.492443</latitud>
            <altitud>652</altitud>
        </coordenadasHito>
        <distancia tipomedida= "kilometros">0</distancia><!--distancia expresada en kilometros-->
        <!--podría ponerse el tiempo desde el hito anterior-->
       <fotos> <foto link  = "https://upload.wikimedia.org/wikipedia/commons/thumb/8/87/Catedral_de_Zamora_Es_recorte_1.jpg/399px-Catedral_de_Zamora_Es_recorte_1.jpg"></foto></fotos>
    </hito>
    <!--HITO2 RUTA3-->
      <hito numeroHito = "2">
        <nombreHito>Palencia</nombreHito>
        <descripcionHito>Palencia es una ciudad y municipio español de la comunidad autónoma de Castilla y León, capital de la provincia de Palencia. </descripcionHito>
        <coordenadasHito>
           <longitud>-4.515623</longitud>  
           <latitud>42.011731</latitud>
           <altitud>749</altitud>
        </coordenadasHito>
        <distancia tipomedida= "kilometros">149</distancia><!--distancia expresada en kilometros-->
        <!--podría ponerse el tiempo desde el hito anterior-->
        <fotos><foto link  = "https://upload.wikimedia.org/wikipedia/commons/5/5d/Montaje_Palencia.jpg"></foto></fotos>
    </hito>
    <!--HITO3 RUTA2-->
    <hito numeroHito = "3">
        <nombreHito>Parque Nacional de los Picos de Europa</nombreHito>
        <descripcionHito>El parque nacional Picos de Europa es un parque nacional español de 67 127 hectáreas​ situado en la cordillera Cantábrica en las provincias de Asturias, León y Cantabria.</descripcionHito>
        <coordenadasHito>
           <longitud>-4.866237</longitud>
           <latitud>43.199520</latitud>
           <altitud>2.519</altitud>
        </coordenadasHito>
       <distancia tipomedida= "kilometros">16</distancia><!--distancia expresada en kilometros-->
        <!--podría ponerse el tiempo desde el hito anterior-->
        <fotos><foto link  = "https://upload.wikimedia.org/wikipedia/commons/thumb/9/98/Naranjo_de_Bulnes2.jpg/420px-Naranjo_de_Bulnes2.jpg"></foto></fotos>
    </hito>
</hitos>

</ruta>
</rutas>
